Epoch,Beta
1,-4.648678302764893
2,-3.939448595046997
3,-3.986693859100342
4,-3.987225294113159
5,-3.9315364360809326
