Epoch,Beta
1,-3.929793357849121
2,-3.9382710456848145
3,-3.9866602420806885
4,-3.9872260093688965
5,-3.931537628173828
